-- Support Colombia v1: minimum schema, security, RPCs, and demo seed.

create extension if not exists pgcrypto;

alter table public.operation
  add column if not exists status varchar not null default 'EN_CURSO',
  add column if not exists review_observations text,
  add column if not exists updated_at timestamptz not null default now();

alter table public.operation drop constraint if exists operation_status_check;
alter table public.operation
  add constraint operation_status_check
  check (status in ('EN_CURSO', 'PENDIENTE', 'CAMBIOS_SOLICITADOS', 'CERRADO'));

create table if not exists public.personnel_request (
  id bigint generated by default as identity primary key,
  client_id bigint not null references public.clients(id),
  area_id bigint not null references public.area(id),
  required_quantity integer not null check (required_quantity > 0),
  description text not null,
  required_date date not null,
  status varchar not null default 'ABIERTA'
    check (status in ('ABIERTA', 'ASIGNADA', 'ATENDIDA', 'CANCELADA')),
  created_by uuid not null references public.user_profiles(id),
  created_at timestamptz not null default now(),
  updated_at timestamptz not null default now()
);

alter table public.personnel_request enable row level security;

create unique index if not exists operation_date_client_area_uidx
  on public.operation(operation_date, client_id, area_id);
create unique index if not exists operation_assignment_operation_contractor_uidx
  on public.operation_assignment(operation_id, contractor_id)
  where deleted_at is null;
create unique index if not exists user_roles_user_role_uidx
  on public.user_roles(user_id, role_id);
create unique index if not exists user_clients_user_client_uidx
  on public.user_clients(user_id, client_id);
create unique index if not exists contractor_document_uidx
  on public.contractor(document_number);

create or replace function public.set_updated_at()
returns trigger
language plpgsql
as $$
begin
  new.updated_at = now();
  return new;
end;
$$;

drop trigger if exists operation_set_updated_at on public.operation;
create trigger operation_set_updated_at
before update on public.operation
for each row execute function public.set_updated_at();

drop trigger if exists personnel_request_set_updated_at on public.personnel_request;
create trigger personnel_request_set_updated_at
before update on public.personnel_request
for each row execute function public.set_updated_at();

create or replace function public.is_active_user()
returns boolean
language sql
stable
security definer
set search_path = public
as $$
  select exists (
    select 1 from public.user_profiles p
    where p.id = auth.uid() and p.is_active
  );
$$;

create or replace function public.has_role(role_code text)
returns boolean
language sql
stable
security definer
set search_path = public
as $$
  select public.is_active_user() and exists (
    select 1
    from public.user_roles ur
    join public.roles r on r.id = ur.role_id
    where ur.user_id = auth.uid()
      and r.code = upper(role_code)
      and r.is_active
  );
$$;

create or replace function public.has_client_access(target_client_id bigint)
returns boolean
language sql
stable
security definer
set search_path = public
as $$
  select public.is_active_user() and (
    public.has_role('ADMIN')
    or public.has_role('DIRECTOR')
    or exists (
      select 1 from public.user_clients uc
      where uc.user_id = auth.uid()
        and uc.client_id = target_client_id
    )
  );
$$;

revoke all on function public.is_active_user() from public;
revoke all on function public.has_role(text) from public;
revoke all on function public.has_client_access(bigint) from public;
grant execute on function public.is_active_user() to authenticated;
grant execute on function public.has_role(text) to authenticated;
grant execute on function public.has_client_access(bigint) to authenticated;

create or replace function public.handle_new_user()
returns trigger
language plpgsql
security definer
set search_path = public
as $$
begin
  insert into public.user_profiles(id, name, last_name, email)
  values (
    new.id,
    coalesce(new.raw_user_meta_data ->> 'name', split_part(coalesce(new.email, ''), '@', 1)),
    coalesce(new.raw_user_meta_data ->> 'last_name', ''),
    coalesce(new.email, '')
  )
  on conflict (id) do nothing;
  return new;
end;
$$;

drop trigger if exists on_auth_user_created on auth.users;
create trigger on_auth_user_created
after insert on auth.users
for each row execute function public.handle_new_user();

-- Remove any pre-existing permissive policies before installing v1 policies.
do $$
declare
  target_table text;
  policy_record record;
begin
  foreach target_table in array array[
    'clients','roles','user_profiles','user_roles','user_clients','area',
    'area_requirement','contractor','contractor_contract','contractor_workwear',
    'service_catalog','client_services','service_rates','service_units',
    'document_type','transport_type','civil_state_type','contract_type',
    'contract_status','attendance_status','workwear_type','operation',
    'operation_assignment','personnel_request'
  ]
  loop
    for policy_record in
      select policyname from pg_policies
      where schemaname = 'public' and tablename = target_table
    loop
      execute format('drop policy if exists %I on public.%I', policy_record.policyname, target_table);
    end loop;
  end loop;
end;
$$;

-- Shared catalogs.
create policy authenticated_read_roles on public.roles
for select to authenticated using (public.is_active_user());
create policy authenticated_read_document_type on public.document_type
for select to authenticated using (public.is_active_user());
create policy authenticated_read_transport_type on public.transport_type
for select to authenticated using (public.is_active_user());
create policy authenticated_read_civil_state_type on public.civil_state_type
for select to authenticated using (public.is_active_user());
create policy authenticated_read_contract_type on public.contract_type
for select to authenticated using (public.is_active_user());
create policy authenticated_read_contract_status on public.contract_status
for select to authenticated using (public.is_active_user());
create policy authenticated_read_attendance_status on public.attendance_status
for select to authenticated using (public.is_active_user());
create policy authenticated_read_workwear_type on public.workwear_type
for select to authenticated using (public.is_active_user());
create policy authenticated_read_service_units on public.service_units
for select to authenticated using (public.is_active_user());
create policy authenticated_read_service_catalog on public.service_catalog
for select to authenticated using (public.is_active_user());

-- Profiles and access assignments.
create policy profiles_read on public.user_profiles
for select to authenticated
using (id = auth.uid() or public.has_role('ADMIN'));
create policy profiles_admin_update on public.user_profiles
for update to authenticated
using (public.has_role('ADMIN'))
with check (public.has_role('ADMIN'));

create policy user_roles_read on public.user_roles
for select to authenticated
using (user_id = auth.uid() or public.has_role('ADMIN'));
create policy user_roles_admin_insert on public.user_roles
for insert to authenticated with check (public.has_role('ADMIN'));
create policy user_roles_admin_update on public.user_roles
for update to authenticated using (public.has_role('ADMIN')) with check (public.has_role('ADMIN'));
create policy user_roles_admin_delete on public.user_roles
for delete to authenticated using (public.has_role('ADMIN'));

create policy user_clients_read on public.user_clients
for select to authenticated
using (user_id = auth.uid() or public.has_role('ADMIN'));
create policy user_clients_admin_insert on public.user_clients
for insert to authenticated with check (public.has_role('ADMIN'));
create policy user_clients_admin_update on public.user_clients
for update to authenticated using (public.has_role('ADMIN')) with check (public.has_role('ADMIN'));
create policy user_clients_admin_delete on public.user_clients
for delete to authenticated using (public.has_role('ADMIN'));

-- Client-scoped master data.
create policy clients_read on public.clients
for select to authenticated using (public.has_client_access(id));
create policy area_read on public.area
for select to authenticated using (public.has_client_access(client_id));
create policy area_requirement_read on public.area_requirement
for select to authenticated using (
  exists (select 1 from public.area a where a.id = area_id and public.has_client_access(a.client_id))
);
create policy client_services_read on public.client_services
for select to authenticated using (
  exists (select 1 from public.area a where a.id = area_id and public.has_client_access(a.client_id))
);
create policy service_rates_internal_read on public.service_rates
for select to authenticated using (
  not public.has_role('CLIENT')
  and exists (
    select 1
    from public.client_services cs
    join public.area a on a.id = cs.area_id
    where cs.id = client_service_id and public.has_client_access(a.client_id)
  )
);

-- Contractors are internal-only; clients receive limited fields through RPC.
create policy contractor_internal_read on public.contractor
for select to authenticated
using (public.has_role('COORDINATOR') or public.has_role('DIRECTOR') or public.has_role('ADMIN'));
create policy contractor_contract_internal_read on public.contractor_contract
for select to authenticated
using (public.has_role('COORDINATOR') or public.has_role('DIRECTOR') or public.has_role('ADMIN'));
create policy contractor_workwear_internal_read on public.contractor_workwear
for select to authenticated
using (public.has_role('COORDINATOR') or public.has_role('DIRECTOR') or public.has_role('ADMIN'));

-- Operations.
create policy operation_read on public.operation
for select to authenticated using (public.has_client_access(client_id));
create policy operation_coordinator_insert on public.operation
for insert to authenticated
with check (
  public.has_role('COORDINATOR')
  and public.has_client_access(client_id)
  and created_by = auth.uid()
);
create policy operation_coordinator_update on public.operation
for update to authenticated
using (
  public.has_role('COORDINATOR')
  and public.has_client_access(client_id)
  and status <> 'CERRADO'
)
with check (
  public.has_role('COORDINATOR')
  and public.has_client_access(client_id)
);
create policy operation_director_update on public.operation
for update to authenticated
using (public.has_role('DIRECTOR'))
with check (public.has_role('DIRECTOR'));
create policy operation_coordinator_delete on public.operation
for delete to authenticated
using (
  public.has_role('COORDINATOR')
  and public.has_client_access(client_id)
  and status = 'EN_CURSO'
);

create policy assignment_read on public.operation_assignment
for select to authenticated using (
  exists (
    select 1 from public.operation o
    where o.id = operation_id and public.has_client_access(o.client_id)
  )
);
create policy assignment_coordinator_insert on public.operation_assignment
for insert to authenticated with check (
  public.has_role('COORDINATOR')
  and planned_by = auth.uid()
  and exists (
    select 1 from public.operation o
    where o.id = operation_id
      and o.status <> 'CERRADO'
      and public.has_client_access(o.client_id)
  )
);
create policy assignment_coordinator_update on public.operation_assignment
for update to authenticated using (
  public.has_role('COORDINATOR')
  and exists (
    select 1 from public.operation o
    where o.id = operation_id
      and o.status <> 'CERRADO'
      and public.has_client_access(o.client_id)
  )
) with check (
  public.has_role('COORDINATOR')
  and exists (
    select 1 from public.operation o
    where o.id = operation_id
      and o.status <> 'CERRADO'
      and public.has_client_access(o.client_id)
  )
);

-- Personnel requests.
create policy request_read on public.personnel_request
for select to authenticated using (public.has_client_access(client_id));
create policy request_client_insert on public.personnel_request
for insert to authenticated with check (
  public.has_role('CLIENT')
  and public.has_client_access(client_id)
  and created_by = auth.uid()
  and status = 'ABIERTA'
);
create policy request_coordinator_insert on public.personnel_request
for insert to authenticated with check (
  public.has_role('COORDINATOR')
  and public.has_client_access(client_id)
  and created_by = auth.uid()
);
create policy request_client_update on public.personnel_request
for update to authenticated using (
  public.has_role('CLIENT')
  and created_by = auth.uid()
  and status = 'ABIERTA'
) with check (
  public.has_role('CLIENT')
  and created_by = auth.uid()
  and status in ('ABIERTA', 'CANCELADA')
);
create policy request_coordinator_update on public.personnel_request
for update to authenticated using (
  public.has_role('COORDINATOR') and public.has_client_access(client_id)
) with check (
  public.has_role('COORDINATOR') and public.has_client_access(client_id)
);

grant select on all tables in schema public to authenticated;
grant insert, update, delete on public.operation, public.operation_assignment, public.personnel_request to authenticated;
grant update on public.user_profiles to authenticated;
grant insert, update, delete on public.user_roles, public.user_clients to authenticated;
grant usage, select on all sequences in schema public to authenticated;

create or replace function public.create_operation_with_assignments(
  p_operation_date date,
  p_client_id bigint,
  p_area_id bigint,
  p_assignments jsonb
)
returns bigint
language plpgsql
security invoker
set search_path = public
as $$
declare
  new_operation_id bigint;
begin
  if not public.has_role('COORDINATOR') or not public.has_client_access(p_client_id) then
    raise exception 'Not authorized';
  end if;

  insert into public.operation(operation_date, client_id, area_id, created_by, status)
  values (p_operation_date, p_client_id, p_area_id, auth.uid(), 'EN_CURSO')
  returning id into new_operation_id;

  insert into public.operation_assignment(
    operation_id, contractor_id, client_service_id, planned_quantity, planned_by
  )
  select
    new_operation_id,
    (item ->> 'contractor_id')::bigint,
    (item ->> 'client_service_id')::bigint,
    coalesce((item ->> 'planned_quantity')::numeric, 1),
    auth.uid()
  from jsonb_array_elements(p_assignments) item;

  return new_operation_id;
end;
$$;

create or replace function public.finalize_operation(
  p_operation_id bigint,
  p_assignments jsonb,
  p_observations text default null
)
returns void
language plpgsql
security invoker
set search_path = public
as $$
declare
  item jsonb;
begin
  if not exists (
    select 1 from public.operation o
    where o.id = p_operation_id
      and o.status in ('EN_CURSO', 'CAMBIOS_SOLICITADOS')
      and public.has_role('COORDINATOR')
      and public.has_client_access(o.client_id)
  ) then
    raise exception 'Operation cannot be finalized';
  end if;

  for item in select * from jsonb_array_elements(p_assignments)
  loop
    update public.operation_assignment
    set attendance_status_id = (item ->> 'attendance_status_id')::bigint,
        worked_quantity = coalesce((item ->> 'worked_quantity')::numeric, 0),
        extra_hours = coalesce((item ->> 'extra_hours')::numeric, 0),
        observations = nullif(item ->> 'observations', ''),
        updated_at = now()
    where id = (item ->> 'assignment_id')::bigint
      and operation_id = p_operation_id;
  end loop;

  update public.operation
  set status = 'PENDIENTE',
      observations = p_observations,
      review_observations = null,
      verify_by = null,
      verify_at = null
  where id = p_operation_id;
end;
$$;

create or replace function public.review_operation(
  p_operation_id bigint,
  p_decision varchar,
  p_observations text default null
)
returns void
language plpgsql
security invoker
set search_path = public
as $$
begin
  if not public.has_role('DIRECTOR') then
    raise exception 'Not authorized';
  end if;
  if p_decision not in ('CERRADO', 'CAMBIOS_SOLICITADOS') then
    raise exception 'Invalid decision';
  end if;
  if p_decision = 'CAMBIOS_SOLICITADOS' and nullif(trim(p_observations), '') is null then
    raise exception 'Review observations are required';
  end if;

  update public.operation
  set status = p_decision,
      review_observations = nullif(trim(p_observations), ''),
      verify_by = auth.uid(),
      verify_at = now(),
      closed_by = case when p_decision = 'CERRADO' then auth.uid() else null end,
      closed_at = case when p_decision = 'CERRADO' then now() else null end
  where id = p_operation_id and status = 'PENDIENTE';

  if not found then
    raise exception 'Pending operation not found';
  end if;
end;
$$;

create or replace function public.get_operation_assignments(p_operation_id bigint)
returns table (
  assignment_id bigint,
  contractor_id bigint,
  contractor_name text,
  area_name text,
  attendance_status text,
  worked_quantity numeric,
  extra_hours numeric,
  observations text
)
language sql
stable
security definer
set search_path = public
as $$
  select
    oa.id,
    c.id,
    concat_ws(' ', c.name, c.last_name),
    a.name,
    ats.name,
    oa.worked_quantity,
    oa.extra_hours,
    case when public.has_role('CLIENT') then null else oa.observations end
  from public.operation_assignment oa
  join public.operation o on o.id = oa.operation_id
  join public.contractor c on c.id = oa.contractor_id
  join public.area a on a.id = o.area_id
  left join public.attendance_status ats on ats.id = oa.attendance_status_id
  where oa.operation_id = p_operation_id
    and oa.deleted_at is null
    and public.has_client_access(o.client_id);
$$;

create or replace function public.get_contractor_history(p_contractor_id bigint)
returns table (
  assignment_id bigint,
  operation_date date,
  client_name text,
  area_name text,
  attendance_status text,
  extra_hours numeric,
  observations text
)
language sql
stable
security definer
set search_path = public
as $$
  select
    oa.id,
    o.operation_date,
    cl.name,
    a.name,
    ats.name,
    oa.extra_hours,
    oa.observations
  from public.operation_assignment oa
  join public.operation o on o.id = oa.operation_id
  join public.clients cl on cl.id = o.client_id
  join public.area a on a.id = o.area_id
  left join public.attendance_status ats on ats.id = oa.attendance_status_id
  where oa.contractor_id = p_contractor_id
    and oa.deleted_at is null
    and not public.has_role('CLIENT')
    and (
      public.has_role('DIRECTOR')
      or public.has_role('ADMIN')
      or (public.has_role('COORDINATOR') and public.has_client_access(o.client_id))
    )
  order by o.operation_date desc;
$$;

grant execute on function public.create_operation_with_assignments(date,bigint,bigint,jsonb) to authenticated;
grant execute on function public.finalize_operation(bigint,jsonb,text) to authenticated;
grant execute on function public.review_operation(bigint,varchar,text) to authenticated;
grant execute on function public.get_operation_assignments(bigint) to authenticated;
grant execute on function public.get_contractor_history(bigint) to authenticated;

-- Stable identifiers for demo auth accounts.
insert into auth.users (
  instance_id, id, aud, role, email, encrypted_password, email_confirmed_at,
  raw_app_meta_data, raw_user_meta_data, created_at, updated_at,
  confirmation_token, recovery_token, email_change_token_new, email_change
)
values
  ('00000000-0000-0000-0000-000000000000','10000000-0000-0000-0000-000000000001','authenticated','authenticated','coordinador.demo@supportcolombia.com','$2b$10$q1nZav8Hwj2dvIz/D/rT5OBvikewFWyKFvbVkayVObgcmstrRBojq',now(),'{"provider":"email","providers":["email"]}','{"name":"Marcela","last_name":"Correa"}',now(),now(),'','','',''),
  ('00000000-0000-0000-0000-000000000000','10000000-0000-0000-0000-000000000002','authenticated','authenticated','cliente.demo@supportcolombia.com','$2b$10$q1nZav8Hwj2dvIz/D/rT5OBvikewFWyKFvbVkayVObgcmstrRBojq',now(),'{"provider":"email","providers":["email"]}','{"name":"Carolina","last_name":"Escobar"}',now(),now(),'','','',''),
  ('00000000-0000-0000-0000-000000000000','10000000-0000-0000-0000-000000000003','authenticated','authenticated','director.demo@supportcolombia.com','$2b$10$q1nZav8Hwj2dvIz/D/rT5OBvikewFWyKFvbVkayVObgcmstrRBojq',now(),'{"provider":"email","providers":["email"]}','{"name":"Julián","last_name":"Gómez"}',now(),now(),'','','',''),
  ('00000000-0000-0000-0000-000000000000','10000000-0000-0000-0000-000000000004','authenticated','authenticated','admin.demo@supportcolombia.com','$2b$10$q1nZav8Hwj2dvIz/D/rT5OBvikewFWyKFvbVkayVObgcmstrRBojq',now(),'{"provider":"email","providers":["email"]}','{"name":"Andrea","last_name":"Restrepo"}',now(),now(),'','','','')
on conflict (id) do update
set email = excluded.email,
    encrypted_password = excluded.encrypted_password,
    email_confirmed_at = excluded.email_confirmed_at,
    raw_app_meta_data = excluded.raw_app_meta_data,
    raw_user_meta_data = excluded.raw_user_meta_data,
    updated_at = now();

insert into auth.identities (
  id, provider_id, user_id, identity_data, provider, last_sign_in_at, created_at, updated_at
)
select
  gen_random_uuid(),
  u.id::text,
  u.id,
  jsonb_build_object('sub', u.id::text, 'email', u.email, 'email_verified', true),
  'email',
  now(),
  now(),
  now()
from auth.users u
where u.id in (
  '10000000-0000-0000-0000-000000000001',
  '10000000-0000-0000-0000-000000000002',
  '10000000-0000-0000-0000-000000000003',
  '10000000-0000-0000-0000-000000000004'
)
and not exists (
  select 1 from auth.identities i where i.user_id = u.id and i.provider = 'email'
);

insert into public.roles(id, code, name, description, is_active) values
  (1,'ADMIN','Administrador','Gestión de accesos',true),
  (2,'COORDINATOR','Coordinador','Gestión operativa',true),
  (3,'CLIENT','Cliente','Consulta y solicitudes',true),
  (4,'DIRECTOR','Director/Gerente','Revisión y aprobación',true)
on conflict (id) do update set code=excluded.code,name=excluded.name,description=excluded.description,is_active=true;

insert into public.user_profiles(id,name,last_name,email,phone_number,is_active) values
  ('10000000-0000-0000-0000-000000000001','Marcela','Correa','coordinador.demo@supportcolombia.com','3001112233',true),
  ('10000000-0000-0000-0000-000000000002','Carolina','Escobar','cliente.demo@supportcolombia.com','3002223344',true),
  ('10000000-0000-0000-0000-000000000003','Julián','Gómez','director.demo@supportcolombia.com','3003334455',true),
  ('10000000-0000-0000-0000-000000000004','Andrea','Restrepo','admin.demo@supportcolombia.com','3004445566',true)
on conflict (id) do update set name=excluded.name,last_name=excluded.last_name,email=excluded.email,phone_number=excluded.phone_number,is_active=true;

insert into public.user_roles(user_id,role_id) values
  ('10000000-0000-0000-0000-000000000001',2),
  ('10000000-0000-0000-0000-000000000002',3),
  ('10000000-0000-0000-0000-000000000003',4),
  ('10000000-0000-0000-0000-000000000004',1)
on conflict (user_id,role_id) do nothing;

insert into public.clients(id,name,document_number,is_active) values
  (1,'Grupo Éxito','890900608',true),
  (2,'Nutresa','890900050',true),
  (3,'Postobón','890903939',true)
on conflict (id) do update set name=excluded.name,document_number=excluded.document_number,is_active=true;

insert into public.area(id,name,client_id,is_active) values
  (1,'Logística',1,true),(2,'Bodega',1,true),
  (3,'Producción',2,true),(4,'Empaque',2,true),
  (5,'Despachos',3,true),(6,'Cargue y descargue',3,true)
on conflict (id) do update set name=excluded.name,client_id=excluded.client_id,is_active=true;

insert into public.user_clients(user_id,client_id) values
  ('10000000-0000-0000-0000-000000000001',1),
  ('10000000-0000-0000-0000-000000000001',2),
  ('10000000-0000-0000-0000-000000000001',3),
  ('10000000-0000-0000-0000-000000000002',1)
on conflict (user_id,client_id) do nothing;

insert into public.document_type(id,name,description) values
  (1,'Cédula de ciudadanía','Documento nacional'),
  (2,'Cédula de extranjería','Documento para extranjeros')
on conflict (id) do update set name=excluded.name,description=excluded.description;
insert into public.transport_type(id,name,description) values
  (1,'Transporte público','Bus o metro'),(2,'Motocicleta','Transporte propio'),(3,'Bicicleta','Transporte propio')
on conflict (id) do update set name=excluded.name,description=excluded.description;
insert into public.civil_state_type(id,name,description) values
  (1,'Soltero','Soltero/a'),(2,'Casado','Casado/a'),(3,'Unión libre','Unión marital')
on conflict (id) do update set name=excluded.name,description=excluded.description;
insert into public.contract_type(id,name,description) values
  (1,'Obra o labor','Contrato por obra o labor'),(2,'Término fijo','Contrato a término fijo')
on conflict (id) do update set name=excluded.name,description=excluded.description;
insert into public.contract_status(id,name,description) values
  (1,'ACTIVO','Contrato vigente'),(2,'INACTIVO','Contrato finalizado')
on conflict (id) do update set name=excluded.name,description=excluded.description;
insert into public.attendance_status(id,name,description) values
  (1,'ASISTIÓ','Jornada trabajada'),(2,'AUSENTE','No asistió'),(3,'INCAPACIDAD','Ausencia justificada')
on conflict (id) do update set name=excluded.name,description=excluded.description;
insert into public.workwear_type(id,name,description) values
  (1,'Camisa','Camisa corporativa'),(2,'Pantalón','Pantalón de trabajo'),(3,'Calzado','Calzado de seguridad')
on conflict (id) do update set name=excluded.name,description=excluded.description;
insert into public.service_units(id,code,name) values
  (1,'HORA','Hora'),(2,'TURNO','Turno')
on conflict (id) do update set code=excluded.code,name=excluded.name;
insert into public.service_catalog(id,code,name,description,service_unit_id) values
  (1,'AUX-BOD','Auxiliar de bodega','Personal de apoyo logístico',2),
  (2,'OPER-PROD','Operario de producción','Personal de línea de producción',2),
  (3,'CARG-DESC','Cargue y descargue','Personal para movimiento de mercancía',2)
on conflict (id) do update set code=excluded.code,name=excluded.name,description=excluded.description,service_unit_id=excluded.service_unit_id,deleted_at=null;
insert into public.client_services(id,area_id,service_catalog_id) values
  (1,1,1),(2,2,1),(3,3,2),(4,4,2),(5,5,3),(6,6,3)
on conflict (id) do update set area_id=excluded.area_id,service_catalog_id=excluded.service_catalog_id;
insert into public.service_rates(id,client_service_id,sale_price,cost_price,valid_from,valid_to) values
  (1,1,125000,95000,current_date-365,null),(2,2,125000,95000,current_date-365,null),
  (3,3,138000,105000,current_date-365,null),(4,4,138000,105000,current_date-365,null),
  (5,5,130000,98000,current_date-365,null),(6,6,130000,98000,current_date-365,null)
on conflict (id) do update set sale_price=excluded.sale_price,cost_price=excluded.cost_price,valid_from=excluded.valid_from,valid_to=null;

insert into public.contractor(
  id,name,last_name,document_type_id,document_number,phone_number,rh,type_transport_id,email,eps,
  address,neighborhood,stratum,civil_state_id,family_head,disponibility,shirt_size,pant_size,shoe_size,
  hire_date,termination_date
) values
  (1,'Andrés','Martínez',1,'1045882310','3005000001','O+',2,'andres.martinez@example.com','Sura','Calle 10 #20-30','La América',3,1,false,true,'M','32','41',current_date-400,null),
  (2,'Laura','Castaño',1,'1152409872','3005000002','A+',1,'laura.castano@example.com','Nueva EPS','Carrera 40 #10-20','Belén',3,1,false,true,'S','28','37',current_date-300,null),
  (3,'Jhon','Ramírez',1,'71682441','3005000003','B+',2,'jhon.ramirez@example.com','Savia Salud','Calle 30 #15-18','Aranjuez',2,2,true,true,'L','34','42',current_date-280,null),
  (4,'Sandra','Pérez',1,'43987221','3005000004','O-',1,'sandra.perez@example.com','Sura','Carrera 20 #44-10','Manrique',2,3,true,false,'M','30','38',current_date-500,current_date-20),
  (5,'Camilo','Torres',1,'1038111005','3005000005','A-',3,'camilo.torres@example.com','Coomeva','Calle 50 #22-11','Robledo',3,1,false,true,'M','32','40',current_date-200,null),
  (6,'Daniela','López',1,'1038111006','3005000006','O+',1,'daniela.lopez@example.com','Nueva EPS','Carrera 65 #30-20','Laureles',4,1,false,true,'S','28','36',current_date-180,null),
  (7,'Felipe','Gómez',1,'1038111007','3005000007','B-',2,'felipe.gomez@example.com','Sura','Calle 12 #18-22','Envigado',4,2,true,true,'L','34','42',current_date-170,null),
  (8,'Natalia','Ruiz',1,'1038111008','3005000008','AB+','1','natalia.ruiz@example.com','Savia Salud','Calle 80 #12-10','Castilla',2,1,false,true,'M','30','38',current_date-160,null),
  (9,'Sebastián','Mejía',1,'1038111009','3005000009','O+',2,'sebastian.mejia@example.com','Sura','Carrera 32 #40-18','Buenos Aires',3,1,false,true,'M','32','41',current_date-150,null),
  (10,'Paola','Hernández',1,'1038111010','3005000010','A+',1,'paola.hernandez@example.com','Nueva EPS','Calle 25 #60-10','Belén',3,2,true,true,'S','28','37',current_date-140,null),
  (11,'Mateo','Álvarez',1,'1038111011','3005000011','O-',3,'mateo.alvarez@example.com','Sura','Carrera 10 #20-15','Itagüí',3,1,false,true,'L','34','43',current_date-130,null),
  (12,'Valentina','Ríos',1,'1038111012','3005000012','B+',1,'valentina.rios@example.com','Savia Salud','Calle 48 #28-14','Sabaneta',4,1,false,true,'M','30','38',current_date-120,null)
on conflict (id) do update set
  name=excluded.name,last_name=excluded.last_name,document_number=excluded.document_number,
  phone_number=excluded.phone_number,rh=excluded.rh,type_transport_id=excluded.type_transport_id,
  email=excluded.email,eps=excluded.eps,disponibility=excluded.disponibility,
  hire_date=excluded.hire_date,termination_date=excluded.termination_date;

insert into public.contractor_contract(id,contractor_id,contract_type,start_date,end_date,status_id,observations)
select c.id,c.id,1,c.hire_date,c.termination_date,case when c.termination_date is null then 1 else 2 end,'Contrato demo'
from public.contractor c where c.id between 1 and 12
on conflict (id) do update set start_date=excluded.start_date,end_date=excluded.end_date,status_id=excluded.status_id;

insert into public.contractor_workwear(id,contractor_id,workwear_id,quantity,description)
select c.id,c.id,1,1,'Dotación inicial' from public.contractor c where c.id between 1 and 12
on conflict (id) do update set quantity=1,description=excluded.description;

insert into public.area_requirement(id,area_id,required_quantity,description) values
  (1,1,12,'Cobertura habitual'),(2,2,8,'Cobertura habitual'),(3,3,10,'Cobertura habitual'),
  (4,4,6,'Cobertura habitual'),(5,5,5,'Cobertura habitual'),(6,6,7,'Cobertura habitual')
on conflict (id) do update set required_quantity=excluded.required_quantity,description=excluded.description;

insert into public.personnel_request(id,client_id,area_id,required_quantity,description,required_date,status,created_by) values
  (1,1,1,12,'Auxiliares con experiencia en picking y packing.',current_date+2,'ABIERTA','10000000-0000-0000-0000-000000000002'),
  (2,1,2,8,'Personal para inventario y organización de bodega.',current_date+1,'ASIGNADA','10000000-0000-0000-0000-000000000002'),
  (3,2,3,10,'Operarios para línea de producción.',current_date+1,'ATENDIDA','10000000-0000-0000-0000-000000000001'),
  (4,2,4,6,'Personal para turno nocturno de empaque.',current_date+3,'ABIERTA','10000000-0000-0000-0000-000000000001'),
  (5,3,5,5,'Auxiliares de despachos con disponibilidad inmediata.',current_date,'ASIGNADA','10000000-0000-0000-0000-000000000001'),
  (6,3,6,7,'Personal de cargue y descargue.',current_date-1,'CANCELADA','10000000-0000-0000-0000-000000000001')
on conflict (id) do update set required_quantity=excluded.required_quantity,description=excluded.description,required_date=excluded.required_date,status=excluded.status;

insert into public.operation(
  id,operation_date,client_id,area_id,created_by,status,verify_by,verify_at,closed_by,closed_at,
  observations,review_observations
) values
  (1,current_date,1,1,'10000000-0000-0000-0000-000000000001','EN_CURSO',null,null,null,null,'Operación actual',null),
  (2,current_date,2,3,'10000000-0000-0000-0000-000000000001','PENDIENTE',null,null,null,null,'Cierre enviado para revisión',null),
  (3,current_date-1,1,2,'10000000-0000-0000-0000-000000000001','CERRADO','10000000-0000-0000-0000-000000000003',now()-interval '1 day','10000000-0000-0000-0000-000000000003',now()-interval '1 day','Jornada completada',null),
  (4,current_date-2,3,5,'10000000-0000-0000-0000-000000000001','CERRADO','10000000-0000-0000-0000-000000000003',now()-interval '2 days','10000000-0000-0000-0000-000000000003',now()-interval '2 days','Jornada completada',null),
  (5,current_date-1,2,4,'10000000-0000-0000-0000-000000000001','CAMBIOS_SOLICITADOS','10000000-0000-0000-0000-000000000003',now()-interval '12 hours',null,null,'Pendiente de corrección','Validar las horas extra de dos contratistas.'),
  (6,current_date-6,1,1,'10000000-0000-0000-0000-000000000001','CERRADO','10000000-0000-0000-0000-000000000003',now()-interval '6 days','10000000-0000-0000-0000-000000000003',now()-interval '6 days','Operación histórica',null)
on conflict (id) do update set
  operation_date=excluded.operation_date,client_id=excluded.client_id,area_id=excluded.area_id,
  status=excluded.status,verify_by=excluded.verify_by,verify_at=excluded.verify_at,
  closed_by=excluded.closed_by,closed_at=excluded.closed_at,
  observations=excluded.observations,review_observations=excluded.review_observations;

insert into public.operation_assignment(
  id,operation_id,contractor_id,client_service_id,planned_quantity,worked_quantity,
  attendance_status_id,extra_hours,unit_sale_price,total_cost,total_sale,unit_cost_price,
  observations,planned_by,planned_at
) values
  (1,1,1,1,1,0,null,0,125000,0,0,95000,null,'10000000-0000-0000-0000-000000000001',now()),
  (2,1,2,1,1,0,null,0,125000,0,0,95000,null,'10000000-0000-0000-0000-000000000001',now()),
  (3,1,5,1,1,0,null,0,125000,0,0,95000,null,'10000000-0000-0000-0000-000000000001',now()),
  (4,2,3,3,1,1,1,2,138000,105000,138000,105000,'Apoyó cierre de línea.','10000000-0000-0000-0000-000000000001',now()),
  (5,2,6,3,1,1,1,0,138000,105000,138000,105000,null,'10000000-0000-0000-0000-000000000001',now()),
  (6,2,7,3,1,0,2,0,138000,0,0,105000,'Ausencia no justificada.','10000000-0000-0000-0000-000000000001',now()),
  (7,3,1,2,1,1,1,2,125000,95000,125000,95000,'Inventario final.','10000000-0000-0000-0000-000000000001',now()-interval '1 day'),
  (8,3,2,2,1,1,1,0,125000,95000,125000,95000,null,'10000000-0000-0000-0000-000000000001',now()-interval '1 day'),
  (9,4,8,5,1,1,1,1,130000,98000,130000,98000,'Cierre de despachos.','10000000-0000-0000-0000-000000000001',now()-interval '2 days'),
  (10,4,9,5,1,1,1,0,130000,98000,130000,98000,null,'10000000-0000-0000-0000-000000000001',now()-interval '2 days'),
  (11,5,10,4,1,1,1,3,138000,105000,138000,105000,'Revisar extras.','10000000-0000-0000-0000-000000000001',now()-interval '1 day'),
  (12,5,11,4,1,1,1,2,138000,105000,138000,105000,'Revisar extras.','10000000-0000-0000-0000-000000000001',now()-interval '1 day'),
  (13,6,1,1,1,1,1,0,125000,95000,125000,95000,null,'10000000-0000-0000-0000-000000000001',now()-interval '6 days'),
  (14,6,12,1,1,1,1,1,125000,95000,125000,95000,'Apoyo adicional.','10000000-0000-0000-0000-000000000001',now()-interval '6 days')
on conflict (id) do update set
  operation_id=excluded.operation_id,contractor_id=excluded.contractor_id,
  attendance_status_id=excluded.attendance_status_id,worked_quantity=excluded.worked_quantity,
  extra_hours=excluded.extra_hours,observations=excluded.observations,deleted_at=null;

select setval(pg_get_serial_sequence('public.roles','id'), greatest((select max(id) from public.roles),1), true);
select setval(pg_get_serial_sequence('public.clients','id'), greatest((select max(id) from public.clients),1), true);
select setval(pg_get_serial_sequence('public.area','id'), greatest((select max(id) from public.area),1), true);
select setval(pg_get_serial_sequence('public.contractor','id'), greatest((select max(id) from public.contractor),1), true);
select setval(pg_get_serial_sequence('public.operation','id'), greatest((select max(id) from public.operation),1), true);
select setval(pg_get_serial_sequence('public.operation_assignment','id'), greatest((select max(id) from public.operation_assignment),1), true);
select setval(pg_get_serial_sequence('public.personnel_request','id'), greatest((select max(id) from public.personnel_request),1), true);
